Lake,Full PIT,PIT,Length,Sex,Section,
,,,,,,
Parley,9.00E+14,497897,560,M,1,no clipped fin????
,,,,,,
Parley,9.00E+14,497857,720,F,1,no clipped fin????
,,,,,,
Parley,9.00E+14,497819,585,M,1,no clipped fin????
,,,,,,
Parley,9.00E+14,497887,690,M,1,no clipped fin????
,,,,,,
Parley,9.00E+14,497803,640,U,1,no clipped fin????
,,,,,,
Parley,9.00E+14,497862,740,U,1,no clipped fin????
,,,,,,
Parley,9.00E+14,497883,745,F,1,no clipped fin????
,,,,,,
Parley,9.00E+14,497838,700,M,1,no clipped fin????
,,,,,,
Parley,9.00E+14,497888,540,M,1,no clipped fin????
,,,,,,
Parley,9.00E+14,497861,350,U,1,no clipped fin????
,,,,,,
Parley,9.00E+14,497877,704,U,1,no clipped fin????
,,,,,,
Parley,9.00E+14,497831,705,M,1,no clipped fin????
,,,,,,
Parley,9.00E+14,497880,546,M,1,no clipped fin????
,,,,,,
Parley,9.00E+14,497871,763,F,1,no clipped fin????
,,,,,,
Parley,9.00E+14,497855,615,F,1,no clipped fin????
,,,,,,
Parley,9.00E+14,497858,540,M,1,no clipped fin????
,,,,,,
Parley,9.00E+14,497827,710,M,1,no clipped fin????
,,,,,,
Parley,9.00E+14,497875,745,F,1,no clipped fin????
,,,,,,
Parley,9.00E+14,497840,364,M,2,
,,,,,,
Parley,9.00E+14,497896,691,M,2,
,,,,,,
Parley,9.00E+14,497870,695,M,2,
,,,,,,
Parley,9.00E+14,497836,720,M,2,
,,,,,,
Parley,9.00E+14,497885,695,M,2,
,,,,,,
Parley,9.00E+14,497890,740,M,2,
,,,,,,
Parley,9.00E+14,497830,680,M,DC,
,,,,,,
Parley,9.00E+14,497807,567,M,DC,
,,,,,,
Parley,9.00E+14,497822,753,F,DC,No clipped fin
,,,,,,
Parley,9.00E+14,497872,602,F,DC,
,,,,,,
Parley,9.00E+14,497865,682,F,DC,"missing left pelvic fin, so clipped right"
,,,,,,
Parley,9.00E+14,497813,701,M,"CM,DC",
,,,,,,
Parley,9.00E+14,497867,580,M,"CM,DC",
,,,,,,
Parley,9.00E+14,497848,561,M,"CM,DC",
,,,,,,
Parley,9.00E+14,497884,540,M,"CM,DC",
,,,,,,
Parley,9.00E+14,497835,697,M,"CM,DC",
,,,,,,
Parley,9.00E+14,497818,722,M,"CM,DC",
,,,,,,
Parley,9.00E+14,497874,578,M,"CM,DC",
,,,,,,
Parley,9.00E+14,497860,720,M,"CM,DC",
,,,,,,
Parley,9.00E+14,497853,805,F,"CM,DC",
,,,,,,
Parley,9.00E+14,497816,565,M,"CM,DC",
,,,,,,
Parley,9.00E+14,497814,605,F,"CM,DC",
,,,,,,
Parley,9.00E+14,497833,663,F,"CM,DC",
,,,,,,
Parley,9.00E+14,497841,560,M,ROD,43654
,,,,,,
Parley,9.00E+14,497802,379,M,ROD,
,,,,,,
Parley,9.00E+14,497892,702,F,ROD,
,,,,,,
Parley,9.00E+14,497817,590,M,DC,
,,,,,,
Parley,9.00E+14,497811,620,M,DC,
,,,,,,
Parley,9.00E+14,497894,575,M,DC,
,,,,,,
Parley,9.00E+14,497849,785,F,DC,
,,,,,,
Parley,9.00E+14,497898,620,M,DC,
,,,,,,
Parley,9.00E+14,497828,408,M,DC,
,,,,,,
Parley,9.00E+14,497810,741,F,DC,
,,,,,,
Parley,9.00E+14,497843,730,M,"N,NE",
,,,,,,
Parley,9.00E+14,497809,518,F,"N,NE",
,,,,,,
Parley,9.00E+14,497869,730,M,"N,NE",
,,,,,,
Parley,9.00E+14,497800,726,F,"N,NE",
,,,,,,
Parley,9.00E+14,497826,728,M,"N,NE",
,,,,,,
Parley,9.00E+14,497824,383,M,"N,NE",
,,,,,,
Parley,9.00E+14,497825,557,M,"N,NE",
,,,,,,
Parley,9.00E+14,497851,670,M,"N,NE",
,,,,,,
Parley,9.00E+14,497891,650,F,"N,NE",
,,,,,,
Parley,9.00E+14,497847,691,M,"N,NE",
,,,,,,
Parley,9.00E+14,497808,675,M,"N,NE",
,,,,,,
Parley,9.00E+14,497876,656,M,"N,NE",
,,,,,,
Parley,9.00E+14,497806,608,U,"N,NE",
,,,,,,
Parley,9.00E+14,497804,690,M,"N,NE",
,,,,,,
Parley,9.00E+14,497815,725,M,"N,NE",
,,,,,,
Parley,9.00E+14,497886,585,M,"N,NE",
,,,,,,
Parley,9.00E+14,497834,570,M,"N,NE",
,,,,,,
Parley,9.00E+14,497805,450,M,"N,NE",
,,,,,,
Parley,9.00E+14,497829,370,U,"N,NE",
,,,,,,
Parley,9.00E+14,497746,695,M,"N,NE",
,,,,,,
Parley,9.00E+14,497781,712,F,"N,NE",
,,,,,,
Parley,9.00E+14,497770,654,F,"N,NE",
,,,,,,
Parley,9.00E+14,497701,567,M,"N,NE",
,,,,,,
Parley,9.00E+14,497768,387,F,"N,NE",
,,,,,,
Parley,9.00E+14,497736,689,M,"N,NE",
,,,,,,
Parley,9.00E+14,497777,360,F,"N,NE",
,,,,,,
Parley,9.00E+14,497729,372,M,"N,NE",
,,,,,,
Parley,9.00E+14,497714,585,M,"N,NE",
,,,,,,
Parley,9.00E+14,497717,671,M,"N,NE",
,,,,,,
Parley,9.00E+14,497771,650,M,"N,NE",
,,,,,,
Parley,9.00E+14,497780,657,M,"N,NE",
,,,,,,
Parley,9.00E+14,497716,721,M,"N,NE",
,,,,,,
Parley,9.00E+14,497766,714,M,"N,NE",
,,,,,,
Parley,9.00E+14,497700,57,M,"N,NE",
,,,,,,
Parley,9.00E+14,497794,365,M,"N,NE",
,,,,,,
Parley,9.00E+14,497753,681,M,"N,NE",
,,,,,,
Parley,9.00E+14,497764,684,F,"N,NE",
,,,,,,
Parley,9.00E+14,497797,604,M,"N,NE",
,,,,,,
Parley,9.00E+14,497669,760,F,"N,NE",
,,,,,,
Parley,9.00E+14,497646,732,F,"N,NE",
,,,,,,
Parley,9.00E+14,497621,860,F,"N,NE",
,,,,,,
Parley,9.00E+14,497684,800,F,"N,NE",
,,,,,,
Parley,9.00E+14,497693,600,F,"N,NE",
,,,,,,
Parley,9.00E+14,497653,368,F,"N,NE",
,,,,,,
Parley,9.00E+14,497655,385,M,"N,NE",
,,,,,,
Parley,9.00E+14,497691,695,M,"N,NE",
,,,,,,
Parley,9.00E+14,497656,393,U,Mud,
,,,,,,
Parley,9.00E+14,497630,675,F,Mud,
,,,,,,
Parley,9.00E+14,497649,746,M,Mud,
,,,,,,
Parley,9.00E+14,497636,563,M,Mud,
,,,,,,
Parley,9.00E+14,497622,376,M,Mud,
,,,,,,
Parley,9.00E+14,497620,579,M,Mud,
,,,,,,
Parley,9.00E+14,497616,589,M,Mud,
,,,,,,
Parley,9.00E+14,497628,569,M,Mud,
,,,,,,
Parley,9.82E+14,775214,353,M,Mud,
,,,,,,
Parley,9.82E+14,775194,670,M,Mud,
,,,,,,
Parley,9.82E+14,775229,642,M,Mud,
,,,,,,
Parley,9.82E+14,775178,755,F,Mud,
,,,,,,
Parley,9.82E+14,775216,680,M,Mud,Hit by propeller
,,,,,,
Parley,9.82E+14,775176,680,M,Mud,
,,,,,,
Parley,9.82E+14,775264,580,M,DC,
,,,,,,
Parley,9.82E+14,775185,690,M,DC,
,,,,,,
Parley,9.82E+14,775234,525,M,DC,
,,,,,,
Parley,9.82E+14,775223,580,M,DC,
,,,,,,
Parley,9.82E+14,775170,763,F,DC,
,,,,,,
Parley,9.82E+14,775200,800,F,DC,
,,,,,,
Parley,9.82E+14,775195,390,M,ROD,
,,,,,,
Parley,9.82E+14,775256,552,M,ROD,
,,,,,,
Parley,9.82E+14,775198,765,F,ROD,
,,,,,,
Parley,9.82E+14,775194,780,F,ROD,Might be dead
,,,,,,
Parley,9.82E+14,775173,325,M,ROD,
,,,,,,
Parley,9.82E+14,775175,350,U,ROD,
,,,,,,
Parley,9.82E+14,775187,365,U,ROD,
,,,,,,
Parley,9.82E+14,775203,650,F,ROD,
,,,,,,
Parley,9.82E+14,775217,575,F,ROD,
,,,,,,
Parley,9.82E+14,775239,665,M,ROD,
,,,,,,
Parley,9.00E+14,497672,714,F,Mud,43655
,,,,,,
Parley,9.00E+14,497609,751,M,Mud,
,,,,,,
Parley,9.00E+14,497694,695,M,Mud,
,,,,,,
Parley,9.00E+14,497652,649,M,Mud,
,,,,,,
Parley,9.00E+14,497697,632,M,Mud,
,,,,,,
Parley,9.00E+14,497647,714,M,Mud,
,,,,,,
Parley,9.00E+14,497695,650,M,Mud,
,,,,,,
Parley,9.00E+14,497625,573,M,Mud,
,,,,,,
Parley,9.00E+14,497634,390,M,Mud,
,,,,,,
Parley,9.00E+14,497665,761,F,Mud,
,,,,,,
Parley,9.00E+14,497642,368,F,Mud,
,,,,,,
Parley,9.00E+14,497777,,,Mud,recap?
,,,,,,
Parley,9.00E+14,497676,699,F,Mud,
,,,,,,
Parley,9.00E+14,497664,690,F,Mud,
,,,,,,
Parley,9.00E+14,497660,682,M,Mud,
,,,,,,
Parley,9.00E+14,497670,385,F,Mud,
,,,,,,
Parley,9.00E+14,497651,709,M,Mud,
,,,,,,
Parley,9.82E+14,775238,840,F,Mud,the one that was radio tagged or floy tagged
,,,,,,
Parley,9.82E+14,775197,391,M,Mud,
,,,,,,
Parley,9.00E+14,497671,703,M,Mud,
,,,,,,
Parley,9.00E+14,497640,705,M,Mud,
,,,,,,
Parley,9.82E+14,775168,712,M,Mud,
,,,,,,
Parley,9.00E+14,497678,390,U,Mud,
,,,,,,
Parley,9.82E+14,775177,750,M,Mud,
,,,,,,
Parley,9.00E+14,497663,720,F,Mud,WEIRD SPINE
,,,,,,
Parley,9.00E+14,497603,712,M,Mud,
,,,,,,
Parley,9.00E+14,497696,382,U,Mud,
,,,,,,
Parley,9.82E+14,775243,367,U,Mud,
,,,,,,
Parley,9.82E+14,775238,660,M,Mud,
,,,,,,
Parley,9.82E+14,775201,375,M,Mud,
,,,,,,
Parley,9.00E+14,497680,648,M,Mud,
,,,,,,
Parley,9.00E+14,497612,709,M,Mud,
,,,,,,
Parley,9.82E+14,775202,372,M,Mud,
,,,,,,
Parley,9.82E+14,775174,395,F,Mud,
,,,,,,
Parley,9.82E+14,775230,708,M,"N,NE",
,,,,,,
Parley,9.82E+14,775193,674,F,"N,NE",
,,,,,,
Parley,9.82E+14,775204,724,M,"N,NE",
,,,,,,
Parley,9.82E+14,775213,686,F,"N,NE",
,,,,,,
Parley,9.82E+14,775249,615,M,"N,NE",
,,,,,,
Parley,9.82E+14,775241,650,F,"N,NE",
,,,,,,
Parley,9.82E+14,775186,540,F,"N,NE",
,,,,,,
Parley,9.82E+14,775196,590,M,"N,NE",
,,,,,,
Parley,9.82E+14,775182,683,F,"N,NE",
,,,,,,
Parley,9.82E+14,775169,712,M,"ROD, SOUTH BAY",
,,,,,,
Parley,9.82E+14,775225,547,M,"ROD, SOUTH BAY",
,,,,,,
Parley,9.82E+14,775188,730,F,"ROD, SOUTH BAY",
,,,,,,
Parley,9.82E+14,775222,748,M,"ROD, SOUTH BAY",
,,,,,,
Parley,9.00E+14,497806,,,"ROD, SOUTH BAY",RECAP
,,,,,,
Parley,9.82E+14,775219,703,M,"ROD, SOUTH BAY",
,,,,,,
Parley,9.82E+14,775180,575,F,"ROD, SOUTH BAY",
,,,,,,
Parley,9.00E+14,38320,700,M,"ROD, SOUTH BAY",
,,,,,,
Parley,9.82E+14,778336,726,F,"ROD, SOUTH BAY",
,,,,,,
Parley,9.82E+14,778377,701,M,"ROD, SOUTH BAY",
,,,,,,
Parley,9.82E+14,778393,790,F,"ROD, SOUTH BAY",
,,,,,,
Parley,9.82E+14,778311,346,M,"ROD, SOUTH BAY",
,,,,,,
Parley,9.82E+14,777831,,,"ROD, SOUTH BAY",RECAP
,,,,,,
Parley,9.82E+14,778369,715,F,"ROD, SOUTH BAY",
,,,,,,
Parley,9.82E+14,778335,740,F,"ROD, SOUTH BAY",
,,,,,,
Parley,9.82E+14,778362,840,F,"ROD, SOUTH BAY",
,,,,,,
Parley,9.82E+14,778301,362,M,"ROD, SOUTH BAY",
,,,,,,
Parley,9.82E+14,778325,555,M,"ROD, SOUTH BAY",
,,,,,,
Parley,9.82E+14,778391,527,M,"ROD, SOUTH BAY",
,,,,,,
Parley,9.82E+14,778308,690,M,"ROD, SOUTH BAY",
,,,,,,
Parley,9.82E+14,778353,362,M,"ROD, SOUTH BAY",
,,,,,,
Parley,9.82E+14,778387,664,M,"ROD, SOUTH BAY",
,,,,,,
Parley,9.82E+14,778351,710,M,"ROD, SOUTH BAY",
,,,,,,
Parley,9.82E+14,778300,690,F,"ROD, SOUTH BAY",
,,,,,,
Parley,9.82E+14,778304,664,M,"ROD, SOUTH BAY",
,,,,,,
Parley,9.82E+14,778324,573,M,"ROD, SOUTH BAY",
,,,,,,
Parley,9.82E+14,778330,361,M,"ROD, SOUTH BAY",
,,,,,,
Parley,9.82E+14,778346,620,F,"ROD, SOUTH BAY",
,,,,,,
Parley,9.00E+14,497638,655,F,ROD,
,,,,,,
Parley,9.00E+14,497626,660,M,ROD,
,,,,,,
Parley,9.00E+14,497627,675,M,ROD,
,,,,,,
Parley,9.00E+14,497661,690,M,ROD,
,,,,,,
Parley,9.00E+14,497610,682,M,ROD,
,,,,,,
Parley,9.00E+14,497675,687,F,ROD,
,,,,,,
Parley,9.00E+14,497648,700,M,ROD,
,,,,,,
Parley,9.00E+14,497632,645,F,ROD,
,,,,,,
Parley,9.00E+14,497624,345,M,ROD,
,,,,,,
Parley,9.00E+14,497633,368,M,ROD,
,,,,,,
Parley,9.00E+14,497617,374,M,ROD,
,,,,,,
Parley,9.00E+14,497637,720,F,ROD,
,,,,,,
Parley,9.00E+14,497618,620,M,ROD,
,,,,,,
Parley,9.00E+14,497654,720,F,ROD,
,,,,,,
Parley,9.00E+14,497604,680,M,ROD,
,,,,,,
Parley,9.00E+14,497677,630,M,ROD,
,,,,,,
Parley,9.00E+14,497631,680,F,ROD,
,,,,,,
Parley,9.00E+14,497614,590,F,ROD,
,,,,,,
Parley,9.00E+14,497831,Recap,,ROD,Recap
,,,,,,
Parley,9.00E+14,497681,630,M,ROD,
,,,,,,
Parley,9.00E+14,497644,705,F,ROD,
,,,,,,
Parley,9.00E+14,497679,739,M,ROD,
,,,,,,
Parley,9.00E+14,497645,660,F,ROD,
,,,,,,
Parley,9.00E+14,497662,652,M,ROD,
,,,,,,
Parley,9.00E+14,497606,730,F,ROD,
,,,,,,
Parley,9.00E+14,497698,647,M,ROD,
,,,,,,
Parley,9.00E+14,497659,349,F,ROD,
,,,,,,
Parley,9.00E+14,497635,645,M,ROD,
,,,,,,
Parley,9.00E+14,497778,640,M,ROD,
,,,,,,
Parley,9.00E+14,497608,575,M,ROD,
,,,,,,
Parley,9.00E+14,497607,635,M,ROD,
,,,,,,
Parley,9.00E+14,497668,388,F,ROD,
,,,,,,
Parley,9.00E+14,497699,645,M,ROD,
,,,,,,
Parley,9.00E+14,497673,660,M,ROD,
,,,,,,
Parley,9.00E+14,497689,715,M,ROD,
,,,,,,
Parley,9.00E+14,497666,625,M,ROD,
,,,,,,
Parley,9.00E+14,497611,365,M,ROD,
,,,,,,
Parley,9.00E+14,497623,550,M,ROD,
,,,,,,
Parley,9.00E+14,497682,652,M,ROD,
,,,,,,
Parley,9.00E+14,497629,682,M,ROD,
,,,,,,
Parley,9.00E+14,497686,670,M,ROD,
,,,,,,
Parley,9.00E+14,497690,660,M,ROD,
,,,,,,
Parley,9.00E+14,497643,625,F,ROD,
,,,,,,
Parley,9.00E+14,498370,635,F,ROD,
,,,,,,
Parley,9.00E+14,497658,690,F,ROD,
,,,,,,
Parley,9.00E+14,497613,650,M,ROD,
,,,,,,
Parley,9.00E+14,497650,770,F,ROD,
,,,,,,
Parley,9.00E+14,497600,615,F,ROD,
,,,,,,
Parley,9.00E+14,497667,670,M,ROD,
,,,,,,
Parley,9.00E+14,497601,,F,ROD,
,,,,,,
Parley,9.00E+14,497988,,M,ROD,Recapture
,,,,,,
Parley,9.00E+14,497641,,F,ROD,
,,,,,,
Parley,9.00E+14,497687,,F,ROD,
,,,,,,
Parley,9.00E+14,497639,,M,ROD,
,,,,,,
Parley,9.00E+14,497692,,M,ROD,
,,,,,,
Parley,9.82E+14,775172,,F,ROD,
,,,,,,
Parley,9.82E+14,775199,,M,ROD,
,,,,,,
Parley,9.82E+14,775235,,M,ROD,
,,,,,,
Parley,9.82E+14,775181,,M,ROD,
,,,,,,
Parley,9.82E+14,775215,,F,ROD,
,,,,,,
Halsteds,9.82E+14,778390,705,M,E shore,
,,,,,,
Halsteds,9.82E+14,778349,663,M,E shore,
,,,,,,
Halsteds,9.82E+14,778328,690,F,E shore,
,,,,,,
Halsteds,9.82E+14,778382,563,M,E shore,
,,,,,,
Halsteds,9.82E+14,778337,663,F,E shore,
,,,,,,
Halsteds,9.82E+14,778318,706,M,E shore,
,,,,,,
Halsteds,9.82E+14,778376,703,M,E shore,
,,,,,,
Halsteds,9.82E+14,778380,595,M,E shore,
,,,,,,
Halsteds,9.82E+14,778344,666,M,E shore,
,,,,,,
Halsteds,9.82E+14,778359,714,F,E shore,
,,,,,,
Halsteds,9.82E+14,778343,706,M,E shore,
,,,,,,
Halsteds,9.82E+14,778395,760,F,E shore,
,,,,,,
Halsteds,9.82E+14,778310,382,F,E shore,
,,,,,,
Halsteds,9.82E+14,778334,660,M,E shore,
,,,,,,
Halsteds,9.82E+14,778313,367,M,E shore,
,,,,,,
Halsteds,9.82E+14,778363,688,F,E shore,
,,,,,,
Halsteds,9.82E+14,778340,706,M,E shore,
,,,,,,
Halsteds,9.82E+14,778323,36,M,E shore,
,,,,,,
Halsteds,9.82E+14,778360,595,M,E shore,
,,,,,,
Halsteds,9.82E+14,778365,704,F,E shore,
,,,,,,
Halsteds,9.82E+14,778302,670,M,E shore,
,,,,,,
Halsteds,9.82E+14,778394,662,M,E shore,
,,,,,,
Halsteds,9.82E+14,779303,546,M,E shore,
,,,,,,
Halsteds,9.82E+14,778331,585,F,LOL,
,,,,,,
Halsteds,9.00E+14,497667,,,LOL,recap
,,,,,,
Halsteds,9.82E+14,778381,685,F,LOL,
,,,,,,
Halsteds,9.82E+14,778388,719,F,LOL,
,,,,,,
Halsteds,9.82E+14,778375,613,U,LOL,
,,,,,,
Halsteds,9.82E+14,778361,545,M,LOL,
,,,,,,
Halsteds,9.82E+14,778307,394,F,LOL,
,,,,,,
Halsteds,9.82E+14,777333,760,U,Middleweedbed,
,,,,,,
Halsteds,9.82E+14,777359,770,F,Middleweedbed,
,,,,,,
Halsteds,9.82E+14,777335,712,M,Middleweedbed,
,,,,,,
Halsteds,9.82E+14,777314,375,U,Middleweedbed,
,,,,,,
Halsteds,9.82E+14,777388,360,M,Middleweedbed,
,,,,,,
Halsteds,9.82E+14,777373,711,M,Middleweedbed,
,,,,,,
Halsteds,9.82E+14,777490,722,F,Middleweedbed,
,,,,,,
Halsteds,9.82E+14,777381,518,F,Middleweedbed,
,,,,,,
Halsteds,9.82E+14,777361,690,M,Middleweedbed,
,,,,,,
Halsteds,9.82E+14,777307,756,F,Middleweedbed,
,,,,,,
Halsteds,9.82E+14,777295,597,F,Middleweedbed,
,,,,,,
Halsteds,9.82E+14,777475,640,M,Middleweedbed,
,,,,,,
Halsteds,9.82E+14,777498,678,M,Middleweedbed,
,,,,,,
Halsteds,9.82E+14,777392,659,F,Middleweedbed,
,,,,,,
Halsteds,9.82E+14,777401,700,M,Middleweedbed,
,,,,,,
Halsteds,9.82E+14,777454,385,M,Middleweedbed,
,,,,,,
Halsteds,9.82E+14,777323,611,M,Middleweedbed,
,,,,,,
Halsteds,9.82E+14,777417,668,M,Middleweedbed,
,,,,,,
Halsteds,9.82E+14,777456,660,M,Middleweedbed,
,,,,,,
Halsteds,9.82E+14,777001,,,Middleweedbed,tagged?
,,,,,,
Halsteds,9.82E+14,777309,671,M,Middleweedbed,
,,,,,,
Halsteds,9.82E+14,777293,567,M,SW shore,
,,,,,,
Halsteds,9.82E+14,777329,682,M,SW shore,
,,,,,,
Halsteds,9.82E+14,777269,386,M,SW shore,
,,,,,,
Halsteds,9.82E+14,777367,386,F,SW shore,
,,,,,,
Halsteds,9.82E+14,777347,640,M,SW shore,
,,,,,,
Halsteds,9.82E+14,777400,634,M,SW shore,
,,,,,,
Halsteds,9.82E+14,777449,755,F,SW shore,
,,,,,,
Halsteds,9.82E+14,777294,755,M,SW shore,
,,,,,,
Halsteds,9.82E+14,777264,745,F,SW shore,
,,,,,,
Halsteds,9.82E+14,777366,740,F,SW shore,
,,,,,,
Halsteds,9.82E+14,777379,665,M,SW shore,
,,,,,,
Halsteds,9.82E+14,777442,670,M,SW shore,
,,,,,,
Halsteds,9.82E+14,777251,670,M,SW shore,
,,,,,,
Halsteds,9.82E+14,777336,406,M,SW shore,
,,,,,,
Halsteds,9.82E+14,777360,582,M,SW shore,
,,,,,,
Halsteds,9.82E+14,777364,677,F,SW shore,
,,,,,,
Halsteds,9.82E+14,777339,715,M,Middleweedbed,radio tagged
,,,,,,
Halsteds,9.82E+14,777327,738,F,Middleweedbed,
,,,,,,
Halsteds,9.82E+14,777484,720,M,Middleweedbed,
,,,,,,
Halsteds,9.82E+14,777368,755,F,Middleweedbed,
,,,,,,
Halsteds,9.82E+14,777262,715,M,Middleweedbed,
,,,,,,
Halsteds,9.82E+14,777292,728,M,Middleweedbed,
,,,,,,
Halsteds,9.82E+14,777316,376,U,Millfoilbed,
,,,,,,
Halsteds,9.82E+14,777317,738,M,Millfoilbed,
,,,,,,
Halsteds,9.82E+14,777441,742,M,N Shore,
,,,,,,
Halsteds,9.82E+14,777428,747,U,N Shore,
,,,,,,
Halsteds,9.82E+14,777272,397,F,N Shore,
,,,,,,
Halsteds,9.82E+14,777351,697,,N Shore,
,,,,,,
Halsteds,9.82E+14,777477,650,M,N Shore,
,,,,,,
Halsteds,9.82E+14,777387,641,M,N Shore,
,,,,,,
Halsteds,9.82E+14,777458,355,M,N Shore,
,,,,,,
Halsteds,9.82E+14,777252,695,M,N Shore,
,,,,,,
Halsteds,9.82E+14,777405,560,M,N Shore,
,,,,,,
Halsteds,9.82E+14,777341,571,M,N Shore,
,,,,,,
Halsteds,9.82E+14,777304,629,M,N Shore,
,,,,,,
Halsteds,9.82E+14,777472,693,M,N Shore,
,,,,,,
Halsteds,9.82E+14,777397,681,M,N Shore,
,,,,,,
Halsteds,9.82E+14,777260,629,M,N Shore,
,,,,,,
Halsteds,9.82E+14,777439,385,F,N Shore,
,,,,,,
Halsteds,9.82E+14,777086,561,,N Shore,RECAP?
,,,,,,
Parley,9.00E+14,497688,388,F,DC,43656
,,,,,,
Parley,9.00E+14,38364,380,M,DC,
,,,,,,
Parley,9.00E+14,497605,375,M,DC,
,,,,,,
Parley,9.82E+14,775221,550,M,DC,
,,,,,,
Parley,9.00E+14,497780,660,,DC,Recapture
,,,,,,
Parley,9.00E+14,38396,680,F,DC,
,,,,,,
Parley,9.00E+14,38326,685,M,DC,
,,,,,,
Parley,9.00E+14,38358,655,M,DC,
,,,,,,
Parley,9.00E+14,497717,,,DC,Recapture
,,,,,,
Parley,9.00E+14,38352,355,F,DC,
,,,,,,
Parley,9.00E+14,38347,708,M,DC,
,,,,,,
Parley,9.00E+14,38392,690,F,DC,
,,,,,,
Parley,9.00E+14,38354,662,F,DC,
,,,,,,
Parley,9.00E+14,38317,680,M,DC,
,,,,,,
Parley,9.00E+14,38341,575,M,DC,
,,,,,,
Parley,9.00E+14,38348,350,M,DC,
,,,,,,
Parley,9.00E+14,38366,638,M,DC,
,,,,,,
Parley,9.00E+14,38389,350,F,DC,
,,,,,,
Parley,9.00E+14,38305,685,M,DC,
,,,,,,
Parley,9.00E+14,38319,670,M,DC,Radio Tag
,,,,,,
Parley,9.00E+14,38399,660,M,DC,
,,,,,,
Parley,9.00E+14,38357,340,M,DC,
,,,,,,
Parley,9.00E+14,38309,740,F,DC,
,,,,,,
Parley,9.00E+14,38327,660,M,DC,
,,,,,,
Parley,9.00E+14,38379,748,M,DC,
,,,,,,
Parley,9.00E+14,38368,675,F,DC,
,,,,,,
Parley,9.00E+14,38370,716,M,DC,
,,,,,,
Parley,9.00E+14,38383,375,F,DC,
,,,,,,
Parley,9.00E+14,38306,370,M,DC,
,,,,,,
Parley,9.00E+14,38333,555,F,DC,
,,,,,,
Parley,9.00E+14,38314,335,M,DC,
,,,,,,
Parley,9.00E+14,38374,685,M,DC,
,,,,,,
Parley,9.00E+14,38329,550,M,DC,
,,,,,,
Parley,9.00E+14,38355,725,M,DC,
,,,,,,
Parley,9.00E+14,38316,655,M,DC,
,,,,,,
Parley,9.00E+14,38338,675,M,DC,
,,,,,,
Parley,9.00E+14,38397,720,M,DC,
,,,,,,
Parley,9.00E+14,38332,645,M,DC,
,,,,,,
Parley,9.00E+14,38339,735,F,DC,
,,,,,,
Parley,9.00E+14,38384,715,F,DC,
,,,,,,
Parley,9.00E+14,38342,735,F,DC,
,,,,,,
Parley,9.00E+14,38345,730,F,DC,
,,,,,,
Parley,9.00E+14,38385,555,F,DC,
,,,,,,
Parley,9.00E+14,38312,735,F,DC,
,,,,,,
Parley,9.00E+14,38371,590,M,DC,
,,,,,,
Parley,9.00E+14,38356,650,F,DC,
,,,,,,
Parley,9.00E+14,38378,725,M,DC,
,,,,,,
Parley,9.00E+14,38321,415,M,DC,
,,,,,,
Parley,9.00E+14,38367,650,F,DC,
,,,,,,
Parley,9.00E+14,38315,725,F,DC,
,,,,,,
Parley,9.00E+14,38372,575,M,DC,
,,,,,,
Parley,9.00E+14,38322,635,F,DC,
,,,,,,
Parley,9.00E+14,38315,615,F,DC,
,,,,,,
Parley,9.00E+14,38650,675,M,DC,
,,,,,,
Parley,9.00E+14,38398,750,M,DC,
,,,,,,
Halsteds,9.00E+14,567001,602,M,1,
,,,,,,
Halsteds,9.00E+14,567081,672,M,1,
,,,,,,
Halsteds,9.00E+14,567179,725,F,1,
,,,,,,
Halsteds,9.00E+14,567026,382,U,1,
,,,,,,
Halsteds,9.00E+14,567230,745,M,1,
,,,,,,
Halsteds,9.00E+14,567087,666,M,1,
,,,,,,
Halsteds,9.00E+14,567121,683,M,1,
,,,,,,
Halsteds,9.00E+14,567205,665,M,1,
,,,,,,
Halsteds,9.00E+14,567113,690,M,1,
,,,,,,
Halsteds,9.00E+14,567016,800,F,1,
,,,,,,
Halsteds,9.00E+14,567200,770,F,1,
,,,,,,
Halsteds,9.00E+14,567213,390,F,2,43657
,,,,,,
Halsteds,9.00E+14,567211,395,M,2,
,,,,,,
Halsteds,9.00E+14,567240,360,F,2,
,,,,,,
Halsteds,9.00E+14,567014,425,F,2,
,,,,,,
Halsteds,9.00E+14,567192,672,M,3,
,,,,,,
Halsteds,9.00E+14,567086,570,M,3,
,,,,,,
Halsteds,9.00E+14,567059,405,M,3,
,,,,,,
Halsteds,9.00E+14,567197,437,F,3,
,,,,,,
Halsteds,9.00E+14,567117,675,M,3,
,,,,,,
Halsteds,9.00E+14,567134,730,F,3,
,,,,,,
Halsteds,9.00E+14,567231,355,M,5,
,,,,,,
Halsteds,9.00E+14,567118,378,F,5,
,,,,,,
Halsteds,9.00E+14,567127,365,M,5,
,,,,,,
Halsteds,9.00E+14,567198,385,F,5,
,,,,,,
Halsteds,9.00E+14,567162,341,M,5,
,,,,,,
Halsteds,9.00E+14,567035,595,M,5,
,,,,,,
Halsteds,9.00E+14,567242,860,F,6,
,,,,,,
Halsteds,9.00E+14,567132,720,F,6,
,,,,,,
Halsteds,9.00E+14,567047,800,F,6,
,,,,,,
Halsteds,9.00E+14,567006,880,F,6,
,,,,,,
Halsteds,9.00E+14,567022,375,F,"4,5",
,,,,,,
Halsteds,9.00E+14,567048,360,M,"4,5",
,,,,,,
Halsteds,9.00E+14,567223,380,M,"4,5",
,,,,,,
Halsteds,9.00E+14,567009,385,M,"4,5",
,,,,,,
Halsteds,9.00E+14,567063,390,F,"4,5",
,,,,,,
Halsteds,9.00E+14,567237,650,M,"4,5",
,,,,,,
Halsteds,9.00E+14,567166,395,M,"4,5",
,,,,,,
Halsteds,9.00E+14,567210,400,F,"4,5",
,,,,,,
Halsteds,9.00E+14,567098,385,M,"4,5",
,,,,,,
Halsteds,9.00E+14,567036,390,M,"4,5",
,,,,,,
Halsteds,9.00E+14,567028,705,M,"4,5",
,,,,,,
Halsteds,9.00E+14,567217,388,M,"4,5",
,,,,,,
Halsteds,9.00E+14,567076,570,M,"4,5",
,,,,,,
Halsteds,9.00E+14,567078,685,M,1,
,,,,,,
Halsteds,9.00E+14,567114,650,M,1,
,,,,,,
Halsteds,9.00E+14,567186,555,M,1,
,,,,,,
Halsteds,9.00E+14,567167,710,M,1,
,,,,,,
Halsteds,9.00E+14,567046,700,M,1,
,,,,,,
Halsteds,9.00E+14,567002,730,F,1,
,,,,,,
Halsteds,9.00E+14,567133,370,U,4,Possible mortality
,,,,,,
Halsteds,9.00E+14,567171,383,F,4,
,,,,,,
Halsteds,9.00E+14,567144,405,F,4,
,,,,,,
Halsteds,9.00E+14,567135,390,M,4,
,,,,,,
Halsteds,9.00E+14,567159,547,M,4,
,,,,,,
Halsteds,9.00E+14,567145,390,M,4,
,,,,,,
Halsteds,9.00E+14,567170,369,M,4,
,,,,,,
Halsteds,9.00E+14,567112,637,M,4,
,,,,,,
Halsteds,9.00E+14,567106,670,M,4,
,,,,,,
Halsteds,9.00E+14,567196,681,M,4,
,,,,,,
Halsteds,9.00E+14,567084,705,M,4,
,,,,,,
Halsteds,9.00E+14,567180,550,M,4,
,,,,,,
Halsteds,9.00E+14,567073,350,M,4,
,,,,,,
Halsteds,9.00E+14,567186,Recapture,Recapture,4,RECAPTURE
,,,,,,
Halsteds,9.00E+14,567089,635,M,4,
,,,,,,
Halsteds,9.00E+14,567038,640,M,4,
,,,,,,
Halsteds,9.00E+14,567172,710,F,4,
,,,,,,
Halsteds,9.00E+14,567165,720,F,4,
,,,,,,
Halsteds,9.00E+14,567243,630,M,4,
,,,,,,
Halsteds,9.00E+14,567075,720,F,4,
,,,,,,
Halsteds,9.00E+14,567042,685,F,4,
,,,,,,
Halsteds,9.00E+14,567232,665,M,4,
,,,,,,
Halsteds,9.00E+14,567221,640,M,4,
,,,,,,
Halsteds,9.00E+14,567008,685,F,4,
,,,,,,
Halsteds,9.00E+14,567062,345,M,None listed,
,,,,,,
Halsteds,9.00E+14,567017,650,M,None listed,
,,,,,,
Halsteds,9.00E+14,567235,615,M,None listed,
,,,,,,
Halsteds,9.00E+14,567079,675,M,None listed,
,,,,,,
Halsteds,9.00E+14,567094,730,M,None listed,
,,,,,,
Halsteds,9.00E+14,567202,625,F,None listed,
,,,,,,
Halsteds,9.00E+14,567245,685,F,None listed,
,,,,,,
Halsteds,9.00E+14,567004,750,F,None listed,
,,,,,,
Halsteds,9.00E+14,567019,680,F,None listed,
,,,,,,
Halsteds,9.00E+14,567061,630,M,None listed,
,,,,,,
Halsteds,9.00E+14,567033,630,M,None listed,
,,,,,,
Halsteds,9.00E+14,567057,740,F,None listed,
,,,,,,
Halsteds,9.82E+14,777289,725,M,,43658
,,,,,,
Halsteds,9.82E+14,777302,765,F,,
,,,,,,
Halsteds,9.82E+14,777342,388,F,,
,,,,,,
Halsteds,9.82E+14,777259,745,M,,
,,,,,,
Halsteds,9.82E+14,777281,410,F,,
,,,,,,
Halsteds,9.82E+14,777450,800,M,,
,,,,,,
Halsteds,9.82E+14,777274,710,M,,
,,,,,,
Halsteds,9.82E+14,777270,680,M,,
,,,,,,
Halsteds,9.82E+14,777266,680,F,,
,,,,,,
Halsteds,9.82E+14,777258,730,M,,
,,,,,,
Halsteds,9.82E+14,777348,740,M,,
,,,,,,
Halsteds,9.82E+14,777280,710,M,,
,,,,,,
Halsteds,9.82E+14,777483,690,M,,
,,,,,,
Halsteds,9.82E+14,777384,710,M,,
,,,,,,
Halsteds,9.82E+14,777420,640,M,,
,,,,,,
Halsteds,9.82E+14,777332,670,F,,
,,,,,,
Halsteds,9.82E+14,777479,680,M,,
,,,,,,
Halsteds,9.82E+14,777436,705,M,,
,,,,,,
Halsteds,9.82E+14,777494,710,F,,
,,,,,,
Halsteds,9.82E+14,777265,800,F,,
,,,,,,
Halsteds,9.82E+14,777433,695,M,,
,,,,,,
Halsteds,9.82E+14,777357,560,M,,
,,,,,,
Halsteds,9.82E+14,777385,805,F,,
,,,,,,
Halsteds,9.82E+14,777311,800,F,,
,,,,,,
Halsteds,9.82E+14,777399,690,M,Millfoilbed,
,,,,,,
Halsteds,9.82E+14,777461,740,F,Millfoilbed,
,,,,,,
Halsteds,9.82E+14,777455,626,M,LEFTOFDOCK,43661
,,,,,,
Halsteds,9.82E+14,777493,667,M,,
,,,,,,
Halsteds,9.82E+14,777478,770,F,,
,,,,,,
Halsteds,9.82E+14,777273,780,F,,
,,,,,,
Halsteds,9.82E+14,777330,703,M,,
,,,,,,
Halsteds,9.82E+14,777324,723,M,,
,,,,,,
Halsteds,9.82E+14,777259,,,,RECAP
,,,,,,
Halsteds,9.82E+14,777421,850,M,,
,,,,,,
Halsteds,9.82E+14,777346,382,F,,
,,,,,,
Halsteds,9.82E+14,777444,405,M,,
,,,,,,
Halsteds,9.82E+14,777413,637,M,,
,,,,,,
Halsteds,9.82E+14,777345,701,M,,
,,,,,,
Halsteds,9.82E+14,777415,689,M,,
,,,,,,
Halsteds,9.82E+14,777464,734,M,,
,,,,,,
Halsteds,9.82E+14,777435,560,M,,
,,,,,,
Halsteds,9.82E+14,777481,711,F,,
,,,,,,
Halsteds,9.82E+14,777496,729,F,,
,,,,,,
Halsteds,9.82E+14,777290,575,M,,
,,,,,,
Halsteds,9.82E+14,777487,705,M,,
,,,,,,
Halsteds,9.82E+14,777434,699,M,,
,,,,,,
Halsteds,9.82E+14,777284,573,M,,
,,,,,,
Halsteds,9.82E+14,777491,698,F,,
,,,,,,
Halsteds,9.82E+14,777338,702,M,,
,,,,,,
Halsteds,9.82E+14,777326,645,M,,
,,,,,,
Halsteds,9.82E+14,777374,700,M,,
,,,,,,
Halsteds,9.82E+14,777296,360,M,,
,,,,,,
Halsteds,9.82E+14,777263,643,M,,
,,,,,,
Halsteds,9.82E+14,777359,,,,RECAP
,,,,,,
Halsteds,9.82E+14,777486,660,M,,
,,,,,,
Halsteds,9.82E+14,777451,675,F,,
,,,,,,
Halsteds,9.82E+14,777407,725,F,,
,,,,,,
Halsteds,9.82E+14,777390,745,F,,
,,,,,,
Halsteds,9.82E+14,777408,630,M,,
,,,,,,
Halsteds,9.82E+14,777283,695,M,,
,,,,,,
Halsteds,9.82E+14,777312,645,M,,
,,,,,,
Halsteds,9.82E+14,777467,660,M,,
,,,,,,
Halsteds,9.82E+14,777308,651,M,,
,,,,,,
Halsteds,9.82E+14,777393,655,M,,
,,,,,,
Halsteds,9.82E+14,777410,725,F,,
,,,,,,
Halsteds,9.82E+14,777321,680,F,,
,,,,,,
Halsteds,9.82E+14,777452,665,M,,
,,,,,,
Halsteds,9.82E+14,777412,650,M,,
,,,,,,
Halsteds,9.82E+14,777370,620,F,,
,,,,,,
Halsteds,9.82E+14,777485,668,M,,
,,,,,,
Halsteds,9.82E+14,777344,381,M,,
,,,,,,
Halsteds,9.82E+14,777277,554,M,,
,,,,,,
Halsteds,9.82E+14,777313,362,M,,
,,,,,,
Halsteds,9.82E+14,777253,381,M,,
,,,,,,
Halsteds,9.82E+14,777369,396,F,,
,,,,,,
Halsteds,9.82E+14,777465,395,M,,
,,,,,,
Halsteds,9.82E+14,777468,405,M,,
,,,,,,
Halsteds,9.82E+14,777398,375,F,,
,,,,,,
Halsteds,9.82E+14,777303,346,M,,
,,,,,,
Halsteds,9.82E+14,777419,387,F,,
,,,,,,
Halsteds,9.82E+14,777322,800,F,,
,,,,,,
Halsteds,9.82E+14,777376,689,F,,
,,,,,,
Halsteds,9.82E+14,777411,656,M,,
,,,,,,
Halsteds,9.82E+14,777438,407,F,,
,,,,,,
Halsteds,9.82E+14,777463,400,U,SHOREACROSSFROMDOCK,
,,,,,,
Halsteds,9.82E+14,777356,754,M,SHOREACROSSFROMDOCK,
,,,,,,
Halsteds,9.82E+14,777462,365,M,SHOREACROSSFROMDOCK,
,,,,,,
Halsteds,9.82E+14,777291,760,F,SHOREACROSSFROMDOCK,
,,,,,,
Halsteds,9.82E+14,777319,668,M,SHOREACROSSFROMDOCK,
,,,,,,
Halsteds,9.82E+14,777276,653,M,SHOREACROSSFROMDOCK,
,,,,,,
Halsteds,9.82E+14,777286,397,F,SHOREACROSSFROMDOCK,
,,,,,,
Halsteds,9.82E+14,777482,649,M,SHOREACROSSFROMDOCK,
,,,,,,
Halsteds,9.82E+14,777301,695,M,SHOREACROSSFROMDOCK,
,,,,,,
Halsteds,9.82E+14,777492,748,F,SHOREACROSSFROMDOCK,
,,,,,,
Halsteds,9.82E+14,777409,394,F,4&5,
,,,,,,
Halsteds,9.82E+14,777375,400,F,4&6,
,,,,,,
Halsteds,9.82E+14,777358,375,M,4&7,
,,,,,,
Halsteds,9.82E+14,777404,389,M,4&8,
,,,,,,
Halsteds,9.82E+14,777469,381,F,4&9,
,,,,,,
Halsteds,9.82E+14,777476,394,F,4&10,
,,,,,,
Halsteds,9.82E+14,777430,350,F,4&11,
,,,,,,
Halsteds,9.82E+14,777422,381,F,4&12,
,,,,,,
Halsteds,9.82E+14,777396,373,M,4&13,
,,,,,,
Halsteds,9.82E+14,777446,662,M,4&14,
,,,,,,
Halsteds,9.82E+14,777403,683,M,4&15,
,,,,,,
Halsteds,9.82E+14,777343,381,M,4&16,
,,,,,,
Halsteds,9.82E+14,777267,400,M,4&17,"cut off left pectoral, no pelvic fins"
,,,,,,
Halsteds,9.82E+14,777299,698,F,4&18,
,,,,,,
Halsteds,9.82E+14,777402,705,M,4&19,
,,,,,,
Halsteds,9.82E+14,777337,570,M,4&20,
,,,,,,
Halsteds,9.82E+14,777282,398,M,4&21,
,,,,,,
Halsteds,9.82E+14,777425,695,M,4&22,
,,,,,,
Halsteds,9.82E+14,777300,732,F,4&23,
,,,,,,
Halsteds,9.82E+14,777445,664,M,4&24,
,,,,,,
Halsteds,9.82E+14,777350,800,F,4&25,
,,,,,,
Halsteds,9.82E+14,777382,820,F,4&26,
,,,,,,
Halsteds,9.82E+14,777372,352,F,LEFTOFDOCK,
,,,,,,
Halsteds,9.82E+14,777254,380,M,LEFTOFDOCK,
,,,,,,
Halsteds,9.82E+14,777261,395,F,LEFTOFDOCK,
,,,,,,
Halsteds,9.82E+14,777459,398,U,LEFTOFDOCK,
,,,,,,
Halsteds,9.82E+14,777470,363,M,LEFTOFDOCK,
,,,,,,
Halsteds,9.82E+14,777305,621,M,LEFTOFDOCK,
,,,,,,
Halsteds,9.82E+14,777378,401,F,LEFTOFDOCK,
,,,,,,
Halsteds,9.82E+14,777394,399,U,LEFTOFDOCK,
,,,,,,
Halsteds,9.82E+14,777391,662,M,LEFTOFDOCK,
,,,,,,
Halsteds,9.82E+14,777353,684,M,LEFTOFDOCK,
,,,,,,
Halsteds,9.82E+14,777480,670,F,LEFTOFDOCK,
,,,,,,
Halsteds,9.82E+14,777418,391,M,LEFTOFDOCK,
,,,,,,
Halsteds,9.82E+14,777431,671,M,LEFTOFDOCK,
,,,,,,
Halsteds,9.82E+14,777315,672,F,LEFTOFDOCK,
,,,,,,
Halsteds,9.82E+14,777331,765,M,LEFTOFDOCK,
,,,,,,
Halsteds,9.82E+14,777426,384,U,LEFTOFDOCK,
,,,,,,
Halsteds,9.82E+14,777268,706,M,LEFTOFDOCK,
,,,,,,
Halsteds,9.82E+14,777447,671,M,LEFTOFDOCK,
,,,,,,
Halsteds,9.82E+14,777453,629,M,LEFTOFDOCK,
,,,,,,
Halsteds,9.82E+14,777325,780,F,LEFTOFDOCK,
,,,,,,
Halsteds,9.82E+14,777318,757,F,LEFTOFDOCK,
,,,,,,
Halsteds,9.82E+14,777297,672,M,LEFTOFDOCK,
,,,,,,
Halsteds,9.82E+14,777250,870,F,LEFTOFDOCK,
,,,,,,
Halsteds,9.82E+14,777380,380,U,LEFTOFDOCK,
,,,,,,
Halsteds,9.82E+14,777365,369,U,LEFTOFDOCK,
,,,,,,
Halsteds,9.82E+14,777423,355,M,LEFTOFDOCK,
Parely,,567704,,,,
Parely,,567672,,,,
Parely,,567728,,,,
Parely,,567591,,,,
Parely,,567616,,,,
Parely,,567646,,,,
Parely,,567690,,,,
Parely,,567608,,,,
Parely,,567570,,,,
Parely,,567732,,,,
Parely,,567655,,,,
Parely,,567518,,,,
Parely,,567716,,,,
Parely,,567563,,,,
Parely,,567709,,,,
Parely,,567657,,,,
Parely,,567702,,,,
Parely,,567621,,,,
Parely,,567614,,,,
Parely,,567583,,,,
Parely,,567617,,,,
Parely,,567697,,,,
Parely,,567725,,,,
Parely,,567596,,,,
Mud,,567622,,,,
Mud,,567590,,,,
Mud,,567626,,,,
Mud,,567676,,,,
Mud,,567710,,,,
Mud,,567694,,,,
Parley,,567519,,,,
Parley,,567734,,,,
Parley,,567600,,,,
Parley,,567501,,,,
Parley,,567620,,,,
Parley,,567655,,,,
Parley,,567689,,,,
Parley,,567535,,,,
Parley,,567575,,,,
Parley,,567627,,,,
Parley,,567695,,,,
Parley,,567567,,,,
Parley,,567525,,,,
Parley,,567727,,,,
Parley,,567576,,,,
Parley,,567741,,,,
Parley,,567748,,,,
Parley,,567597,,,,
Parley,,567607,,,,
Parley,,567747,,,,
Parley,,567688,,,,
Parley,,567557,,,,
Parley,,567634,,,,
Parley,,567593,,,,
Parley,,567611,,,,
Parley,,567724,,,,
Parley,,567565,,,,
Parley,,567607,,,,
Parley,,567700,,,,
Parley,,567665,,,,
Parley,,567714,,,,